url,marca,modelo,año,precio,imagen
https://articulo.tucarro.com.co/MCO-1692585613-chevrolet-joy-sedan-2022-14-_JM,Chevrolet,Joy Sedán,2022,44900000,https://oielbczfjirunzydccod.supabase.co/storage/v1/object/public/SCBIR/Carros/1692585613.webp
https://articulo.tucarro.com.co/MCO-2816519070-chevrolet-montana-rs-automatica-2025-_JM,Chevrolet,Montana,2025,115990000,https://oielbczfjirunzydccod.supabase.co/storage/v1/object/public/SCBIR/Carros/2816519070.webp
https://articulo.tucarro.com.co/MCO-3087209494-chevrolet-onix-10t-rs-mt-_JM,Chevrolet,Onix,2023,66500000,https://oielbczfjirunzydccod.supabase.co/storage/v1/object/public/SCBIR/Carros/3087209494.webp
https://articulo.tucarro.com.co/MCO-1660679271-chevrolet-spark-euv-2026-_JM,Chevrolet,Spark,2026,99990000,https://oielbczfjirunzydccod.supabase.co/storage/v1/object/public/SCBIR/Carros/1660679271.webp
https://articulo.tucarro.com.co/MCO-3226179774-chevrolet-bolt-euv-electrico-_JM,Chevrolet,Bolt,2023,97800000,https://oielbczfjirunzydccod.supabase.co/storage/v1/object/public/SCBIR/Carros/3226179774.webp
https://articulo.tucarro.com.co/MCO-2634786164-chevrolet-blazer-rs-ac-36-5p-awd-ta-g-_JM,Chevrolet,Blazer,2024,195990000,https://oielbczfjirunzydccod.supabase.co/storage/v1/object/public/SCBIR/Carros/2634786164.webp
https://articulo.tucarro.com.co/MCO-2634820232-chevrolet-onix-rs-turbo-ac-10-5p-4x2-tm-_JM,Chevrolet,Onix,2025,81990000,https://oielbczfjirunzydccod.supabase.co/storage/v1/object/public/SCBIR/Carros/2634820232.webp
https://articulo.tucarro.com.co/MCO-3236182662-chevrolet-tracker-18-ls-_JM,Chevrolet,Tracker,2019,50000000,https://oielbczfjirunzydccod.supabase.co/storage/v1/object/public/SCBIR/Carros/3236182662.webp
https://articulo.tucarro.com.co/MCO-1702525951-chevrolet-beat-premier-12-2022-_JM,Chevrolet,Beat,2022,50900000,https://oielbczfjirunzydccod.supabase.co/storage/v1/object/public/SCBIR/Carros/1702525951.webp
https://articulo.tucarro.com.co/MCO-3220757954-chevrolet-trailblazer-28-ltz-_JM,Chevrolet,Trailblazer,2018,112800000,https://oielbczfjirunzydccod.supabase.co/storage/v1/object/public/SCBIR/Carros/3220757954.webp
https://articulo.tucarro.com.co/MCO-1706541119-chevrolet-spark-gt-activ-blanco-12-2019-_JM,Chevrolet,Spark,2019,40500000,https://oielbczfjirunzydccod.supabase.co/storage/v1/object/public/SCBIR/Carros/1706541119.webp
https://articulo.tucarro.com.co/MCO-3189857662-chevrolet-onix-10t-premier-hatch-at-_JM,Chevrolet,Onix,2021,59900000,https://oielbczfjirunzydccod.supabase.co/storage/v1/object/public/SCBIR/Carros/3189857662.webp
https://articulo.tucarro.com.co/MCO-1684230633-chevrolet-bolt-euv-at-150kw-10ab-abs-elec-_JM,Chevrolet,Bolt,2023,115999000,https://oielbczfjirunzydccod.supabase.co/storage/v1/object/public/SCBIR/Carros/1684230633.webp
https://articulo.tucarro.com.co/MCO-3236406842-chevrolet-tracker-ltz-2022-_JM,Chevrolet,Tracker,2022,70000000,https://oielbczfjirunzydccod.supabase.co/storage/v1/object/public/SCBIR/Carros/3236406842.webp
https://articulo.tucarro.com.co/MCO-1706236271-chevrolet-beat-premier-_JM,Chevrolet,Beat,2022,48000000,https://oielbczfjirunzydccod.supabase.co/storage/v1/object/public/SCBIR/Carros/1706236271.webp
https://articulo.tucarro.com.co/MCO-3160066458-chevrolet-captiva-15t-lt-at-_JM,Chevrolet,Captiva,2021,68600000,https://oielbczfjirunzydccod.supabase.co/storage/v1/object/public/SCBIR/Carros/3160066458.webp
https://articulo.tucarro.com.co/MCO-3236277588-chevrolet-onix-rs-2022-10-_JM,Chevrolet,Onix,2022,57900000,https://oielbczfjirunzydccod.supabase.co/storage/v1/object/public/SCBIR/Carros/3236277588.webp
https://articulo.tucarro.com.co/MCO-1689455959-chevrolet-equinox-turbo-15-2018-at-_JM,Chevrolet,Equinox,2018,67900000,https://oielbczfjirunzydccod.supabase.co/storage/v1/object/public/SCBIR/Carros/1689455959.webp
https://articulo.tucarro.com.co/MCO-1678567691-chevrolet-equinox-15-premier-2021-_JM,Chevrolet,Equinox,2021,81400000,https://oielbczfjirunzydccod.supabase.co/storage/v1/object/public/SCBIR/Carros/1678567691.webp
https://articulo.tucarro.com.co/MCO-1687501381-chevrolet-traverse-36-high-country-_JM,Chevrolet,Traverse,2020,105990000,https://oielbczfjirunzydccod.supabase.co/storage/v1/object/public/SCBIR/Carros/1687501381.webp
https://articulo.tucarro.com.co/MCO-3097203410-toyota-fortuner-sr-28-diesel-4x2-at-_JM,Toyota,Fortuner,2026,239900000,https://oielbczfjirunzydccod.supabase.co/storage/v1/object/public/SCBIR/Carros/3097203410.webp
https://articulo.tucarro.com.co/MCO-2921691398-toyota-land-cruiser-vdj-2025-_JM,Toyota,Land Cruiser,2024,500000000,https://oielbczfjirunzydccod.supabase.co/storage/v1/object/public/SCBIR/Carros/2921691398.webp
https://articulo.tucarro.com.co/MCO-1660539293-corolla-gr-disponible-entrega-inmediata-_JM,Toyota,Corolla,2026,130900000,https://oielbczfjirunzydccod.supabase.co/storage/v1/object/public/SCBIR/Carros/1660539293.webp
https://articulo.tucarro.com.co/MCO-1542551229-toyota-tacoma-trd-pro-24-white-2025-_JM,Toyota,Tacoma,2025,465000000,https://oielbczfjirunzydccod.supabase.co/storage/v1/object/public/SCBIR/Carros/1542551229.webp
https://articulo.tucarro.com.co/MCO-3223942698-toyota-prado-land-cruise-tx-l-diesel-28-4x4-nueva-0-km-2025-_JM,Toyota,Prado,2025,435000000,https://oielbczfjirunzydccod.supabase.co/storage/v1/object/public/SCBIR/Carros/3223942698.webp
https://articulo.tucarro.com.co/MCO-2882482064-toyota-yaris-cross-15-hev-xls-_JM,Toyota,Yaris Cross,2025,143900000,https://oielbczfjirunzydccod.supabase.co/storage/v1/object/public/SCBIR/Carros/2882482064.webp
https://articulo.tucarro.com.co/MCO-2921005924-toyota-sequoia-limited-4x4-2025-_JM,Toyota,Sequoia,2025,470000000,https://oielbczfjirunzydccod.supabase.co/storage/v1/object/public/SCBIR/Carros/2921005924.webp
https://articulo.tucarro.com.co/MCO-1595287419-toyota-grand-higlander-platinum-max-_JM,Toyota,Highlander,2025,390000000,https://oielbczfjirunzydccod.supabase.co/storage/v1/object/public/SCBIR/Carros/1595287419.webp
https://articulo.tucarro.com.co/MCO-1698378729-toyota-rav4-xle-hibrido-2025-_JM,Toyota,RAV4,2025,285900000,https://oielbczfjirunzydccod.supabase.co/storage/v1/object/public/SCBIR/Carros/1698378729.webp
https://articulo.tucarro.com.co/MCO-1657828173-toyota-yaris-hb-xs-15-_JM,Toyota,Yaris,2026,87900000,https://oielbczfjirunzydccod.supabase.co/storage/v1/object/public/SCBIR/Carros/1657828173.webp
https://articulo.tucarro.com.co/MCO-1615192907-toyota-yaris-sport-hatchback-15-gasolina-2025-at-0km-_JM,Toyota,Yaris,2025,98500000,https://oielbczfjirunzydccod.supabase.co/storage/v1/object/public/SCBIR/Carros/1615192907.webp
https://articulo.tucarro.com.co/MCO-1707782009-toyota-4runner-2020-sr5-blindaje-2-_JM,Toyota,4Runner,2020,199900000,https://oielbczfjirunzydccod.supabase.co/storage/v1/object/public/SCBIR/Carros/1707782009.webp
https://articulo.tucarro.com.co/MCO-1624172591-toyota-lc76-28-diesel-2024-_JM,Toyota,Land Cruiser,2025,600000000,https://oielbczfjirunzydccod.supabase.co/storage/v1/object/public/SCBIR/Carros/1624172591.webp
https://articulo.tucarro.com.co/MCO-2807856060-toyota-land-cruiser-lc71-28-2024-_JM,Toyota,Land Cruiser,2024,460000000,https://oielbczfjirunzydccod.supabase.co/storage/v1/object/public/SCBIR/Carros/2807856060.webp
https://articulo.tucarro.com.co/MCO-3069739956-toyota-sequoia-35-v6-capstone-_JM,Toyota,Sequoia,2025,570000000,https://oielbczfjirunzydccod.supabase.co/storage/v1/object/public/SCBIR/Carros/3069739956.webp
https://articulo.tucarro.com.co/MCO-1675355791-toyota-sequoia-sr5-2026-_JM,Toyota,Sequoia,2026,465000000,https://oielbczfjirunzydccod.supabase.co/storage/v1/object/public/SCBIR/Carros/1675355791.webp
https://articulo.tucarro.com.co/MCO-1707631793-toyota-prado-vx-2023-40-_JM,Toyota,Prado,2013,305900000,https://oielbczfjirunzydccod.supabase.co/storage/v1/object/public/SCBIR/Carros/1707631793.webp
https://articulo.tucarro.com.co/MCO-1696399433-toyota-hilux-dc-sr-mt-_JM,Toyota,Hilux,2026,215900000,https://oielbczfjirunzydccod.supabase.co/storage/v1/object/public/SCBIR/Carros/1696399433.webp
https://articulo.tucarro.com.co/MCO-1692061007-toyota-hilux-28-srx-diesel-4x4-aut-_JM,Toyota,Hilux,2024,265000000,https://oielbczfjirunzydccod.supabase.co/storage/v1/object/public/SCBIR/Carros/1692061007.webp
https://articulo.tucarro.com.co/MCO-2808087792-kardian-evolution-mt-16-2026-_JM,Renault,Kardian,2025,83990000,https://oielbczfjirunzydccod.supabase.co/storage/v1/object/public/SCBIR/Carros/2808087792.webp
https://articulo.tucarro.com.co/MCO-1691752709-renault-koleos-25-zen-_JM,Renault,Koleos,2018,70990000,https://oielbczfjirunzydccod.supabase.co/storage/v1/object/public/SCBIR/Carros/1691752709.webp
https://articulo.tucarro.com.co/MCO-3180195004-renault-kwid-00-e-tech-_JM,Renault,Kwid,2024,65500000,https://oielbczfjirunzydccod.supabase.co/storage/v1/object/public/SCBIR/Carros/3180195004.webp
https://articulo.tucarro.com.co/MCO-3177548980-renault-duster-2-intens-mt-1300cc-t-2022-4x4-_JM,Renault,Duster,2022,81500000,https://oielbczfjirunzydccod.supabase.co/storage/v1/object/public/SCBIR/Carros/3177548980.webp
https://articulo.tucarro.com.co/MCO-3226243812-renault-duster-zen-2020-_JM,Renault,Duster,2020,58000000,https://oielbczfjirunzydccod.supabase.co/storage/v1/object/public/SCBIR/Carros/3226243812.webp
https://articulo.tucarro.com.co/MCO-1707723383-renault-duster-oroch-zen-mecanico-4x2-2022-_JM,Renault,Duster Oroch,2022,75800000,https://oielbczfjirunzydccod.supabase.co/storage/v1/object/public/SCBIR/Carros/1707723383.webp
https://articulo.tucarro.com.co/MCO-3207721246-renault-duster-intens-mt-13-turbo-4x4-2024-_JM,Renault,Duster,2024,88900000,https://oielbczfjirunzydccod.supabase.co/storage/v1/object/public/SCBIR/Carros/3207721246.webp
https://articulo.tucarro.com.co/MCO-1699961273-renault-captur-2020-_JM,Renault,Captur,2020,62900000,https://oielbczfjirunzydccod.supabase.co/storage/v1/object/public/SCBIR/Carros/1699961273.webp
https://articulo.tucarro.com.co/MCO-1707626031-renault-koleos-25-zen-_JM,Renault,Koleos,2022,88900000,https://oielbczfjirunzydccod.supabase.co/storage/v1/object/public/SCBIR/Carros/1707626031.webp
https://articulo.tucarro.com.co/MCO-3117957376-renault-kangoo-_JM,Renault,Kangoo,2026,79990000,https://oielbczfjirunzydccod.supabase.co/storage/v1/object/public/SCBIR/Carros/3117957376.webp
https://articulo.tucarro.com.co/MCO-1690047123-renault-koleos-20-dynamique-plus-_JM,Renault,Koleos,2011,41900000,https://oielbczfjirunzydccod.supabase.co/storage/v1/object/public/SCBIR/Carros/1690047123.webp
https://articulo.tucarro.com.co/MCO-1698533063-renault-logan-privilege-2019-16-_JM,Renault,Logan,2019,41900000,https://oielbczfjirunzydccod.supabase.co/storage/v1/object/public/SCBIR/Carros/1698533063.webp
https://articulo.tucarro.com.co/MCO-1666893029-mazda-2-sedan-touring-automatico-pano-ipm-2026-_JM,Mazda,2 Sedan,2026,83920000,https://oielbczfjirunzydccod.supabase.co/storage/v1/object/public/SCBIR/Carros/1666893029.webp
https://articulo.tucarro.com.co/MCO-1539827351-mazda-3-touring-hibrido-modelo-2026-_JM,Mazda,3,2023,117500000,https://oielbczfjirunzydccod.supabase.co/storage/v1/object/public/SCBIR/Carros/1539827351.webp
https://articulo.tucarro.com.co/MCO-2805129598-mazda-3-sedan-grand-touring-carbon-edition-_JM,Mazda,3,2025,131350000,https://oielbczfjirunzydccod.supabase.co/storage/v1/object/public/SCBIR/Carros/2805129598.webp
https://articulo.tucarro.com.co/MCO-1707752683-mazda-2-15-touring-_JM,Mazda,2,2023,74900000,https://oielbczfjirunzydccod.supabase.co/storage/v1/object/public/SCBIR/Carros/1707752683.webp
https://articulo.tucarro.com.co/MCO-2814442356-mazda-2-sport-_JM,Mazda,2 Sport,2025,82750000,https://oielbczfjirunzydccod.supabase.co/storage/v1/object/public/SCBIR/Carros/2814442356.webp
https://articulo.tucarro.com.co/MCO-1691030277-cx-9-signature-25t-awd-at-_JM,Mazda,CX-9,2022,149990000,https://oielbczfjirunzydccod.supabase.co/storage/v1/object/public/SCBIR/Carros/1691030277.webp
https://articulo.tucarro.com.co/MCO-1690027477-mazda-cx-30-20-grand-touring-at-_JM,Mazda,CX-30,2023,112990000,https://oielbczfjirunzydccod.supabase.co/storage/v1/object/public/SCBIR/Carros/1690027477.webp
https://articulo.tucarro.com.co/MCO-3131596882-mazda-cx-30-grand-touring-hibrida-new-2026-_JM,Mazda,CX-30,2026,131300000,https://oielbczfjirunzydccod.supabase.co/storage/v1/object/public/SCBIR/Carros/3131596882.webp
https://articulo.tucarro.com.co/MCO-1642991037-mazda-cx-5-20-l-at-4x2-2026-cuero-_JM,Mazda,CX-5,2026,143650000,https://oielbczfjirunzydccod.supabase.co/storage/v1/object/public/SCBIR/Carros/1642991037.webp
https://articulo.tucarro.com.co/MCO-1690137519-mazda-cx-30-20-grand-touring-at-hibrido-ligero-mhev-_JM,Mazda,CX-30,2023,114900000,https://oielbczfjirunzydccod.supabase.co/storage/v1/object/public/SCBIR/Carros/1690137519.webp
https://articulo.tucarro.com.co/MCO-3180036704-ford-bronco-badlands-27-4x4-2025-_JM,Ford,Bronco,2025,329990000,https://oielbczfjirunzydccod.supabase.co/storage/v1/object/public/SCBIR/Carros/3180036704.webp
https://articulo.tucarro.com.co/MCO-1662246645-ford-bronco-badlands-4x4-2025-_JM,Ford,Bronco,2025,329990000,https://oielbczfjirunzydccod.supabase.co/storage/v1/object/public/SCBIR/Carros/1662246645.webp
https://articulo.tucarro.com.co/MCO-1684425947-ford-mustang-gt-premium-_JM,Ford,Mustang GT,2025,279989999,https://oielbczfjirunzydccod.supabase.co/storage/v1/object/public/SCBIR/Carros/1684425947.webp
https://articulo.tucarro.com.co/MCO-1679737833-ford-explorer-platinum-23-turbo-ecoboost-_JM,Ford,Explorer,2025,259990000,https://oielbczfjirunzydccod.supabase.co/storage/v1/object/public/SCBIR/Carros/1679737833.webp
https://articulo.tucarro.com.co/MCO-1662162861-ford-explorer-st-30-2025-_JM,Ford,Explorer,2025,279000000,https://oielbczfjirunzydccod.supabase.co/storage/v1/object/public/SCBIR/Carros/1662162861.webp
https://articulo.tucarro.com.co/MCO-3176547794-ford-edge-2014-limited-fl-_JM,Ford,Edge,2014,45900000,https://oielbczfjirunzydccod.supabase.co/storage/v1/object/public/SCBIR/Carros/3176547794.webp
https://articulo.tucarro.com.co/MCO-3145804170-ford-escape-25-platinum-awd-ecvt-hibrida-_JM,Ford,Escape,2025,199990000,https://oielbczfjirunzydccod.supabase.co/storage/v1/object/public/SCBIR/Carros/3145804170.webp
https://articulo.tucarro.com.co/MCO-1686776157-ford-ecosport-se-20-2017-at-_JM,Ford,Ecosport,2017,46900000,https://oielbczfjirunzydccod.supabase.co/storage/v1/object/public/SCBIR/Carros/1686776157.webp
https://articulo.tucarro.com.co/MCO-1606626473-ford-bronco-27-badlands-2025-4x4-_JM,Ford,Bronco,2025,329990000,https://oielbczfjirunzydccod.supabase.co/storage/v1/object/public/SCBIR/Carros/1606626473.webp
https://articulo.tucarro.com.co/MCO-3236348842-ford-escape-20-se-4x2-_JM,Ford,Escape,2013,38900000,https://oielbczfjirunzydccod.supabase.co/storage/v1/object/public/SCBIR/Carros/3236348842.webp
https://articulo.tucarro.com.co/MCO-3159460212-bmw-x1-sdrive18i-edicion-m-u11-_JM,BMW,X1,2026,227900000,https://oielbczfjirunzydccod.supabase.co/storage/v1/object/public/SCBIR/Carros/3159460212.webp
https://articulo.tucarro.com.co/MCO-1675366607-bmw-x5-xdrive-50e-xline-hibrida-enchufable-_JM,BMW,X5,2025,449900000,https://oielbczfjirunzydccod.supabase.co/storage/v1/object/public/SCBIR/Carros/1675366607.webp
https://articulo.tucarro.com.co/MCO-1680659175-bmw-serie-4-20-420i-sport-line-_JM,BMW,Serie 4,2025,249900000,https://oielbczfjirunzydccod.supabase.co/storage/v1/object/public/SCBIR/Carros/1680659175.webp
https://articulo.tucarro.com.co/MCO-3164159628-bmw-330e-g20-edicion-m-hibrido-enchufable-lci-_JM,BMW,Serie 3,2025,254900000,https://oielbczfjirunzydccod.supabase.co/storage/v1/object/public/SCBIR/Carros/3164159628.webp
https://articulo.tucarro.com.co/MCO-3193369914-bmw-x3-20-xdrive30i-_JM,BMW,X3,2020,149900000,https://oielbczfjirunzydccod.supabase.co/storage/v1/object/public/SCBIR/Carros/3193369914.webp
https://articulo.tucarro.com.co/MCO-2918090988-bmw-x3-20-g01-xdrive30i-_JM,BMW,X3,2018,119900000,https://oielbczfjirunzydccod.supabase.co/storage/v1/object/public/SCBIR/Carros/2918090988.webp
https://articulo.tucarro.com.co/MCO-3156494274-bmw-120-confort-_JM,BMW,120,2019,86990000,https://oielbczfjirunzydccod.supabase.co/storage/v1/object/public/SCBIR/Carros/3156494274.webp
https://articulo.tucarro.com.co/MCO-3156610128-bmw-x1-20-f48-sdrive-18d-_JM,BMW,X1,2017,90900000,https://oielbczfjirunzydccod.supabase.co/storage/v1/object/public/SCBIR/Carros/3156610128.webp
https://articulo.tucarro.com.co/MCO-1685211127-bmw-x5-30-xdrive35i-_JM,BMW,X5,2017,116000000,https://oielbczfjirunzydccod.supabase.co/storage/v1/object/public/SCBIR/Carros/1685211127.webp
https://articulo.tucarro.com.co/MCO-3093766708-bmw-x5-44-xdrive50i-_JM,BMW,X5,2017,150900000,https://oielbczfjirunzydccod.supabase.co/storage/v1/object/public/SCBIR/Carros/3093766708.webp
https://articulo.tucarro.com.co/MCO-1708498871-nissan-versa-16-advance-_JM,Nissan,Versa,2019,44990000,https://oielbczfjirunzydccod.supabase.co/storage/v1/object/public/SCBIR/Carros/1708498871.webp
https://articulo.tucarro.com.co/MCO-3220681436-nissan-kicks-avance-at-16-2022-_JM,Nissan,Kicks,2022,84900000,https://oielbczfjirunzydccod.supabase.co/storage/v1/object/public/SCBIR/Carros/3220681436.webp
https://articulo.tucarro.com.co/MCO-1702680983-nissan-frontier-diesel-mt-25-44-2020-_JM,Nissan,Frontier,2020,106900000,https://oielbczfjirunzydccod.supabase.co/storage/v1/object/public/SCBIR/Carros/1702680983.webp
https://articulo.tucarro.com.co/MCO-3220722724-nissan-frontier-mt-estaca-diesel-25-44-2020-_JM,Nissan,Frontier,2020,139900000,https://oielbczfjirunzydccod.supabase.co/storage/v1/object/public/SCBIR/Carros/3220722724.webp
https://articulo.tucarro.com.co/MCO-1708433197-nissan-march-advance-blanco-16-2023-at-_JM,Nissan,March,2023,63900000,https://oielbczfjirunzydccod.supabase.co/storage/v1/object/public/SCBIR/Carros/1708433197.webp
https://articulo.tucarro.com.co/MCO-3226163602-mercedes-benz-glc-300-_JM,Mercedes-Benz,GLC 300,2020,141900000,https://oielbczfjirunzydccod.supabase.co/storage/v1/object/public/SCBIR/Carros/3226163602.webp
https://articulo.tucarro.com.co/MCO-3183800914-mercedes-benz-glb-250-hibrida-7-puestos-_JM,Mercedes-Benz,GLB-250,2026,239900000,https://oielbczfjirunzydccod.supabase.co/storage/v1/object/public/SCBIR/Carros/3183800914.webp
https://articulo.tucarro.com.co/MCO-1640854281-mercedes-benz-glb250-20-hibrido-ligero-2026-_JM,Mercedes-Benz,Clase GLB,2026,239900000,https://oielbczfjirunzydccod.supabase.co/storage/v1/object/public/SCBIR/Carros/1640854281.webp
https://articulo.tucarro.com.co/MCO-1706253361-mercedes-benz-g580-eq-2025-_JM,Mercedes-Benz,G580,2025,1180000000,https://oielbczfjirunzydccod.supabase.co/storage/v1/object/public/SCBIR/Carros/1706253361.webp
https://articulo.tucarro.com.co/MCO-1571857427-gla-250-4matic-mod-2026-_JM,Mercedes-Benz,Clase GLA,2026,229900000,https://oielbczfjirunzydccod.supabase.co/storage/v1/object/public/SCBIR/Carros/1571857427.webp
https://articulo.tucarro.com.co/MCO-1698320611-taos-comfortline-select-my-2025-_JM,Volkswagen,Taos,2025,117990000,https://oielbczfjirunzydccod.supabase.co/storage/v1/object/public/SCBIR/Carros/1698320611.webp
https://articulo.tucarro.com.co/MCO-3093631280-volkswagen-taos-comfortline-select-my-2025-_JM,Volkswagen,Taos,2025,117590000,https://oielbczfjirunzydccod.supabase.co/storage/v1/object/public/SCBIR/Carros/3093631280.webp
https://articulo.tucarro.com.co/MCO-1690889591-volkswagen-tiguan-nf-life-my2025-_JM,Volkswagen,Tiguan,2025,149990000,https://oielbczfjirunzydccod.supabase.co/storage/v1/object/public/SCBIR/Carros/1690889591.webp
https://articulo.tucarro.com.co/MCO-1660546459-volkswagen-jetta-gli-my2025-_JM,Volkswagen,Jetta,2025,152870000,https://oielbczfjirunzydccod.supabase.co/storage/v1/object/public/SCBIR/Carros/1660546459.webp
https://articulo.tucarro.com.co/MCO-3065748234-taos-highline-250-tsi-at-my-2025-_JM,Volkswagen,Taos,2025,139990000,https://oielbczfjirunzydccod.supabase.co/storage/v1/object/public/SCBIR/Carros/3065748234.webp
https://articulo.tucarro.com.co/MCO-1627314547-polo-trendline-16l-mt-my-2026-_JM,Volkswagen,Polo,2026,72490000,https://oielbczfjirunzydccod.supabase.co/storage/v1/object/public/SCBIR/Carros/1627314547.webp
https://articulo.tucarro.com.co/MCO-3164070276-volkswagen-teramont-highline-_JM,Volkswagen,Teramont,2022,158900000,https://oielbczfjirunzydccod.supabase.co/storage/v1/object/public/SCBIR/Carros/3164070276.webp
https://articulo.tucarro.com.co/MCO-3021828732-volkswagen-teramont-highline-_JM,Volkswagen,Teramont,2022,162900000,https://oielbczfjirunzydccod.supabase.co/storage/v1/object/public/SCBIR/Carros/3021828732.webp
https://articulo.tucarro.com.co/MCO-3093780000-volkswagen-tera-black-edition-my2026-_JM,Volkswagen,Tera,2026,98970000,https://oielbczfjirunzydccod.supabase.co/storage/v1/object/public/SCBIR/Carros/3093780000.webp
https://articulo.tucarro.com.co/MCO-1701511019-volkswagen-taos-14-tsi-highline-_JM,Volkswagen,Taos,2022,114900000,https://oielbczfjirunzydccod.supabase.co/storage/v1/object/public/SCBIR/Carros/1701511019.webp
https://articulo.tucarro.com.co/MCO-1587857337-kia-sorento-entrega-inmediata-hoy-precio-especial-_JM,Kia,Sorento,2025,220990000,https://oielbczfjirunzydccod.supabase.co/storage/v1/object/public/SCBIR/Carros/1587857337.webp
https://articulo.tucarro.com.co/MCO-1691741265-kia-niro-desire-hybrid-bono-de-matricula-_JM,Kia,Niro Hibrido,2026,131990000,https://oielbczfjirunzydccod.supabase.co/storage/v1/object/public/SCBIR/Carros/1691741265.webp
https://articulo.tucarro.com.co/MCO-1565842865-kia-soluto-14-emotion-mt-_JM,Kia,Soluto,2025,70990000,https://oielbczfjirunzydccod.supabase.co/storage/v1/object/public/SCBIR/Carros/1565842865.webp
https://articulo.tucarro.com.co/MCO-2813631026-kia-picanto-gtline-2025-1250cc-aut-_JM,Kia,Picanto,2025,77990000,https://oielbczfjirunzydccod.supabase.co/storage/v1/object/public/SCBIR/Carros/2813631026.webp
https://articulo.tucarro.com.co/MCO-1706227557-kia-picanto-zenith-12-_JM,Kia,Picanto,2026,64990000,https://oielbczfjirunzydccod.supabase.co/storage/v1/object/public/SCBIR/Carros/1706227557.webp
https://articulo.tucarro.com.co/MCO-1516228035-kia-niro-hibrido-zenith-16-2026-_JM,Kia,Niro,2025,158990000,https://oielbczfjirunzydccod.supabase.co/storage/v1/object/public/SCBIR/Carros/1516228035.webp
https://articulo.tucarro.com.co/MCO-1701595751-kia-stonic-hibrido-sin-pico-y-placa-mod-2026-entrega-inmedia-_JM,Kia,Stonic,2026,83990000,https://oielbczfjirunzydccod.supabase.co/storage/v1/object/public/SCBIR/Carros/1701595751.webp
https://articulo.tucarro.com.co/MCO-2749219430-taxi-kia-sephia-2026-_JM,Kia,Sephia,2025,85990000,https://oielbczfjirunzydccod.supabase.co/storage/v1/object/public/SCBIR/Carros/2749219430.webp
https://articulo.tucarro.com.co/MCO-1614485297-kia-picanto-vibrant-mt-2026-0km-_JM,Kia,Picanto,2026,57990000,https://oielbczfjirunzydccod.supabase.co/storage/v1/object/public/SCBIR/Carros/1614485297.webp
https://articulo.tucarro.com.co/MCO-1575809337-kia-sonet-servicio-publico-2026-_JM,Kia,Sonet,2026,86000000,https://oielbczfjirunzydccod.supabase.co/storage/v1/object/public/SCBIR/Carros/1575809337.webp
https://articulo.tucarro.com.co/MCO-1590603787-suzuki-new-jimny-5-puertasoff-road2026-_JM,Suzuki,Jimny,2026,128990000,https://oielbczfjirunzydccod.supabase.co/storage/v1/object/public/SCBIR/Carros/1590603787.webp
https://articulo.tucarro.com.co/MCO-2888511436-suzuki-jimny-glx-at-_JM,Suzuki,Jimny,2026,131990000,https://oielbczfjirunzydccod.supabase.co/storage/v1/object/public/SCBIR/Carros/2888511436.webp
https://articulo.tucarro.com.co/MCO-1701470003-suzuki-swift-dziere-at-2023-_JM,Suzuki,Swift,2023,54900000,https://oielbczfjirunzydccod.supabase.co/storage/v1/object/public/SCBIR/Carros/1701470003.webp
https://articulo.tucarro.com.co/MCO-2904909926-suzuki-scross-hibrida-14-turbo-automatica-2026-_JM,Suzuki,S-Cross,2026,120990000,https://oielbczfjirunzydccod.supabase.co/storage/v1/object/public/SCBIR/Carros/2904909926.webp
https://articulo.tucarro.com.co/MCO-1701487901-suzuki-swift-hibrido-mt-2023-_JM,Suzuki,Swift,2023,66900000,https://oielbczfjirunzydccod.supabase.co/storage/v1/object/public/SCBIR/Carros/1701487901.webp
https://articulo.tucarro.com.co/MCO-3136494094-hyundai-hb20-advance-mt-16-_JM,Hyundai,HB20,2026,70990000,https://oielbczfjirunzydccod.supabase.co/storage/v1/object/public/SCBIR/Carros/3136494094.webp
https://articulo.tucarro.com.co/MCO-2855583170-hyundai-staria-22-pasajeros-_JM,Hyundai,Staria,2025,185990000,https://oielbczfjirunzydccod.supabase.co/storage/v1/object/public/SCBIR/Carros/2855583170.webp
https://articulo.tucarro.com.co/MCO-3173160280-hyundai-santa-fe-hibrida-completa-44-hev-7-puestos-_JM,Hyundai,Santa Fe,2026,248990000,https://oielbczfjirunzydccod.supabase.co/storage/v1/object/public/SCBIR/Carros/3173160280.webp
https://articulo.tucarro.com.co/MCO-3143728140-hyundai-venue-limited-at-16-_JM,Hyundai,Venue,2026,93990000,https://oielbczfjirunzydccod.supabase.co/storage/v1/object/public/SCBIR/Carros/3143728140.webp
https://articulo.tucarro.com.co/MCO-1706279731-hyundai-hb20-advance-mt-16-_JM,Hyundai,HB20,2026,69990000,https://oielbczfjirunzydccod.supabase.co/storage/v1/object/public/SCBIR/Carros/1706279731.webp
https://articulo.tucarro.com.co/MCO-3209963702-wrv-ex-15-5p-gcn200-_JM,Honda,WR-V,2019,70000000,https://oielbczfjirunzydccod.supabase.co/storage/v1/object/public/SCBIR/Carros/3209963702.webp
https://articulo.tucarro.com.co/MCO-1699925027-honda-pilot-prestige-_JM,Honda,Pilot,2021,109990000,https://oielbczfjirunzydccod.supabase.co/storage/v1/object/public/SCBIR/Carros/1699925027.webp
https://articulo.tucarro.com.co/MCO-3228343518-honda-pilot-5dr-ex-l-35-2019-_JM,Honda,Pilot,2019,144000000,https://oielbczfjirunzydccod.supabase.co/storage/v1/object/public/SCBIR/Carros/3228343518.webp
https://articulo.tucarro.com.co/MCO-2939201770-honda-cr-v-24-city-plus-_JM,Honda,CR-V,2021,117000000,https://oielbczfjirunzydccod.supabase.co/storage/v1/object/public/SCBIR/Carros/2939201770.webp
https://articulo.tucarro.com.co/MCO-3159263628-audi-q3-14-tfsi-attraction-_JM,Audi,Q3,2018,80000000,https://oielbczfjirunzydccod.supabase.co/storage/v1/object/public/SCBIR/Carros/3159263628.webp
https://articulo.tucarro.com.co/MCO-3204334140-audi-a1-sportback-14-2017-_JM,Audi,A1,2017,67000000,https://oielbczfjirunzydccod.supabase.co/storage/v1/object/public/SCBIR/Carros/3204334140.webp
https://articulo.tucarro.com.co/MCO-1695466459-jeep-gladiator-36-rubicon-_JM,Jeep,Gladiator,2025,370190000,https://oielbczfjirunzydccod.supabase.co/storage/v1/object/public/SCBIR/Carros/1695466459.webp
https://articulo.tucarro.com.co/MCO-3096498628-jeep-wrangler-unlimited-sport-_JM,Jeep,Wrangler Unlimited,2025,319990000,https://oielbczfjirunzydccod.supabase.co/storage/v1/object/public/SCBIR/Carros/3096498628.webp
https://articulo.tucarro.com.co/MCO-3058434620-jeep-avenger-summit-hibrido-_JM,Jeep,Avenger,2025,116990000,https://oielbczfjirunzydccod.supabase.co/storage/v1/object/public/SCBIR/Carros/3058434620.webp
https://articulo.tucarro.com.co/MCO-1669878649-jeep-compass-limited-pluss-_JM,Jeep,Compass,2026,142990000,https://oielbczfjirunzydccod.supabase.co/storage/v1/object/public/SCBIR/Carros/1669878649.webp
https://articulo.tucarro.com.co/MCO-1691738583-jeep-compass-automatica-motor-24-_JM,Jeep,Compass,2020,87000008,https://oielbczfjirunzydccod.supabase.co/storage/v1/object/public/SCBIR/Carros/1691738583.webp
https://articulo.tucarro.com.co/MCO-3207757082-jeep-wrangler-unlimited-_JM,Jeep,Wrangler,2018,245000000,https://oielbczfjirunzydccod.supabase.co/storage/v1/object/public/SCBIR/Carros/3207757082.webp
https://articulo.tucarro.com.co/MCO-1576641783-mitsubishi-l200-24-gls-4x4-at-_JM,Mitsubishi,L200,2025,253900000,https://oielbczfjirunzydccod.supabase.co/storage/v1/object/public/SCBIR/Carros/1576641783.webp
https://articulo.tucarro.com.co/MCO-2872546672-mitsubishi-outlander-sport-15l-_JM,Mitsubishi,Outlander Sport,2025,140900000,https://oielbczfjirunzydccod.supabase.co/storage/v1/object/public/SCBIR/Carros/2872546672.webp
https://articulo.tucarro.com.co/MCO-3207811134-mitsubishi-outlander-kaiteki-lx-_JM,Mitsubishi,Outlander,2022,90900000,https://oielbczfjirunzydccod.supabase.co/storage/v1/object/public/SCBIR/Carros/3207811134.webp
https://articulo.tucarro.com.co/MCO-3224107914-mitsubishi-nativa-35-gasolina-automatico-4x4-blindaje-ii-_JM,Mitsubishi,Nativa,2013,79900000,https://oielbczfjirunzydccod.supabase.co/storage/v1/object/public/SCBIR/Carros/3224107914.webp
https://articulo.tucarro.com.co/MCO-1552693979-mitsubishi-l200-glx-plus-24-turbo-diesel-sp-_JM,Mitsubishi,NEW L200 TRITON,2025,209900000,https://oielbczfjirunzydccod.supabase.co/storage/v1/object/public/SCBIR/Carros/1552693979.webp
https://articulo.tucarro.com.co/MCO-3058390270-mitsubishi-l200-glx-plus-mt-24l-turbo-diesel-_JM,Mitsubishi,L200 Triton,2026,209900000,https://oielbczfjirunzydccod.supabase.co/storage/v1/object/public/SCBIR/Carros/3058390270.webp
https://articulo.tucarro.com.co/MCO-3151965774-peugeot-2008-hibrida-12-turbo-_JM,Peugeot,2008,2025,124990000,https://oielbczfjirunzydccod.supabase.co/storage/v1/object/public/SCBIR/Carros/3151965774.webp
https://articulo.tucarro.com.co/MCO-1604701117-peugeot-2008-style-12-mod-2025-_JM,Peugeot,2008,2025,98990000,https://oielbczfjirunzydccod.supabase.co/storage/v1/object/public/SCBIR/Carros/1604701117.webp
https://articulo.tucarro.com.co/MCO-3103265734-peugeot-2008-hibrido-12-turbo-134hp-230nm-54nmpila-2026-_JM,Peugeot,2008,2026,116990000,https://oielbczfjirunzydccod.supabase.co/storage/v1/object/public/SCBIR/Carros/3103265734.webp
https://articulo.tucarro.com.co/MCO-3207866322-peugeot-301-allure-_JM,Peugeot,301,2018,47900000,https://oielbczfjirunzydccod.supabase.co/storage/v1/object/public/SCBIR/Carros/3207866322.webp
https://articulo.tucarro.com.co/MCO-2861350880-volvo-xc90-t8-ultra-recharge-_JM,Volvo,XC90,2025,499990000,https://oielbczfjirunzydccod.supabase.co/storage/v1/object/public/SCBIR/Carros/2861350880.webp
https://articulo.tucarro.com.co/MCO-2861132902-volvo-ex30-core-e60-_JM,Volvo,EX30 CORE E60,2025,199990000,https://oielbczfjirunzydccod.supabase.co/storage/v1/object/public/SCBIR/Carros/2861132902.webp
https://articulo.tucarro.com.co/MCO-1676876271-volvo-xc40-t4-r-design-_JM,Volvo,XC40,2020,113000000,https://oielbczfjirunzydccod.supabase.co/storage/v1/object/public/SCBIR/Carros/1676876271.webp
https://articulo.tucarro.com.co/MCO-1658395073-dodge-journey-24-se-7a-at-_JM,Dodge,Journey,2015,42900000,https://oielbczfjirunzydccod.supabase.co/storage/v1/object/public/SCBIR/Carros/1658395073.webp
https://articulo.tucarro.com.co/MCO-1706228535-dodge-journey-seexpress-_JM,Dodge,Journey,2010,29900000,https://oielbczfjirunzydccod.supabase.co/storage/v1/object/public/SCBIR/Carros/1706228535.webp
https://articulo.tucarro.com.co/MCO-1660519927-dodge-journey-24-sxt-fl-_JM,Dodge,Journey,2015,54900000,https://oielbczfjirunzydccod.supabase.co/storage/v1/object/public/SCBIR/Carros/1660519927.webp
https://articulo.tucarro.com.co/MCO-3063931560-dodge-journey-24-seexpress-fl-_JM,Dodge,Journey,2017,37900000,https://oielbczfjirunzydccod.supabase.co/storage/v1/object/public/SCBIR/Carros/3063931560.webp
https://articulo.tucarro.com.co/MCO-3220802558-subaru-cross-trek-20-limited-hybrid-_JM,Subaru,Cross Trek,2024,145900000,https://oielbczfjirunzydccod.supabase.co/storage/v1/object/public/SCBIR/Carros/3220802558.webp
https://articulo.tucarro.com.co/MCO-3114321452-subaru-forester-20-xt-cvt-turbo-_JM,Subaru,Forester,2014,69500000,https://oielbczfjirunzydccod.supabase.co/storage/v1/object/public/SCBIR/Carros/3114321452.webp
https://articulo.tucarro.com.co/MCO-3222652914-subaru-forester-20-hybrid-elite-2023-_JM,Subaru,Forester,2023,147900000,https://oielbczfjirunzydccod.supabase.co/storage/v1/object/public/SCBIR/Carros/3222652914.webp
https://articulo.tucarro.com.co/MCO-3127464570-subaru-outback-25-adventurefield-at-_JM,Subaru,Outback,2024,179000000,https://oielbczfjirunzydccod.supabase.co/storage/v1/object/public/SCBIR/Carros/3127464570.webp
https://articulo.tucarro.com.co/MCO-3181085122-mini-countrymanhibrid-15-countrymanhibrid-_JM,Mini,Countryman Hibrid,2021,140000000,https://oielbczfjirunzydccod.supabase.co/storage/v1/object/public/SCBIR/Carros/3181085122.webp
https://articulo.tucarro.com.co/MCO-1678234705-mini-cooper-s-clubman-20-turbo-automatico-_JM,Mini,Clubman,2020,103900000,https://oielbczfjirunzydccod.supabase.co/storage/v1/object/public/SCBIR/Carros/1678234705.webp
https://articulo.tucarro.com.co/MCO-1615475309-mini-cooper-s-20-chili-at-5p-_JM,Mini,Cooper S,2022,118900000,https://oielbczfjirunzydccod.supabase.co/storage/v1/object/public/SCBIR/Carros/1615475309.webp
https://articulo.tucarro.com.co/MCO-3180092776-mini-cooper-countryman-_JM,Mini,Countryman,2017,76900087,https://oielbczfjirunzydccod.supabase.co/storage/v1/object/public/SCBIR/Carros/3180092776.webp
https://articulo.tucarro.com.co/MCO-3180094236-mini-countrymanhibrid-15-countrymanhibrid-_JM,Mini,Countryman Hibrid,2020,134900000,https://oielbczfjirunzydccod.supabase.co/storage/v1/object/public/SCBIR/Carros/3180094236.webp
https://articulo.tucarro.com.co/MCO-3142590666-mini-countrymancooper-se-hibrid-15-hibrido-_JM,Mini,Countryman Hibrid,2023,159900000,https://oielbczfjirunzydccod.supabase.co/storage/v1/object/public/SCBIR/Carros/3142590666.webp
https://articulo.tucarro.com.co/MCO-3226182632-mini-cooper-cabrio-_JM,Mini,Mini Cooper,2014,78900087,https://oielbczfjirunzydccod.supabase.co/storage/v1/object/public/SCBIR/Carros/3226182632.webp
https://articulo.tucarro.com.co/MCO-1707535351-citron-c3-16-shine-aut-_JM,Citroën,C3,2023,63000000,https://oielbczfjirunzydccod.supabase.co/storage/v1/object/public/SCBIR/Carros/1707535351.webp
https://articulo.tucarro.com.co/MCO-3232413356-citron-c3-16-feel-2020-_JM,Citroën,C3,2020,57900000,https://oielbczfjirunzydccod.supabase.co/storage/v1/object/public/SCBIR/Carros/3232413356.webp
https://articulo.tucarro.com.co/MCO-1659935145-citron-c4-cactus-16-feel-at-_JM,Citroën,C4 Cactus,2022,75000000,https://oielbczfjirunzydccod.supabase.co/storage/v1/object/public/SCBIR/Carros/1659935145.webp
https://articulo.tucarro.com.co/MCO-3176507686-citroen-c5-aircross-shine-_JM,Citroën,C5,2022,90900000,https://oielbczfjirunzydccod.supabase.co/storage/v1/object/public/SCBIR/Carros/3176507686.webp
https://articulo.tucarro.com.co/MCO-3207770180-range-rover-evoque-20-turbo-_JM,Land Rover,Range Rover Evoque,2021,174990000,https://oielbczfjirunzydccod.supabase.co/storage/v1/object/public/SCBIR/Carros/3207770180.webp
https://articulo.tucarro.com.co/MCO-3204494370-land-rover-defender-first-edition-_JM,Land Rover,Defender,2020,429990000,https://oielbczfjirunzydccod.supabase.co/storage/v1/object/public/SCBIR/Carros/3204494370.webp
https://articulo.tucarro.com.co/MCO-1686747377-land-rover-discovery-sport-se-2019-_JM,Land Rover,Discovery sport,2019,129900000,https://oielbczfjirunzydccod.supabase.co/storage/v1/object/public/SCBIR/Carros/1686747377.webp
https://articulo.tucarro.com.co/MCO-1708472463-land-rover-range-sport-hse-30-2019-_JM,Land Rover,Range Rover Sport,2019,255000000,https://oielbczfjirunzydccod.supabase.co/storage/v1/object/public/SCBIR/Carros/1708472463.webp
https://articulo.tucarro.com.co/MCO-3221442526-ssangyong-tivoli-16-active-4x2-_JM,SsangYong,Tivoli,2023,68900000,https://oielbczfjirunzydccod.supabase.co/storage/v1/object/public/SCBIR/Carros/3221442526.webp
https://articulo.tucarro.com.co/MCO-3181093412-fiat-pulse-10-_JM,Fiat,Pulse,2024,77000000,https://oielbczfjirunzydccod.supabase.co/storage/v1/object/public/SCBIR/Carros/3181093412.webp
https://articulo.tucarro.com.co/MCO-1708445085-fiat-palio-adventure-16-locker-_JM,Fiat,Palio Adventure,2012,30500000,https://oielbczfjirunzydccod.supabase.co/storage/v1/object/public/SCBIR/Carros/1708445085.webp
https://articulo.tucarro.com.co/MCO-3233134226-fiat-pulse-13cc-2023-automatico-_JM,Fiat,Pulse,2023,74900000,https://oielbczfjirunzydccod.supabase.co/storage/v1/object/public/SCBIR/Carros/3233134226.webp
https://articulo.tucarro.com.co/MCO-3168707108-byd-yuan-up-00-ev-fwd-beyond-_JM,BYD,Yuan Up,2026,120000000,https://oielbczfjirunzydccod.supabase.co/storage/v1/object/public/SCBIR/Carros/3168707108.webp
https://articulo.tucarro.com.co/MCO-3221621428-byd-seal-38s-2024-_JM,BYD,Seal,2024,184000000,https://oielbczfjirunzydccod.supabase.co/storage/v1/object/public/SCBIR/Carros/3221621428.webp
https://articulo.tucarro.com.co/MCO-3224178634-byd-seagull-00-gs-400-_JM,BYD,Seagull,2025,82000000,https://oielbczfjirunzydccod.supabase.co/storage/v1/object/public/SCBIR/Carros/3224178634.webp
https://articulo.tucarro.com.co/MCO-3117925404-byd-tang-00-ev-gs-_JM,BYD,Tang,2025,309000000,https://oielbczfjirunzydccod.supabase.co/storage/v1/object/public/SCBIR/Carros/3117925404.webp
https://articulo.tucarro.com.co/MCO-3120849178-jac-hfc1037-20l-_JM,JAC,Hfc1037,2023,100900000,https://oielbczfjirunzydccod.supabase.co/storage/v1/object/public/SCBIR/Carros/3120849178.webp
https://articulo.tucarro.com.co/MCO-3207934470-jac-jetour-x70-2023-_JM,JAC,Jetour,2023,92000000,https://oielbczfjirunzydccod.supabase.co/storage/v1/object/public/SCBIR/Carros/3207934470.webp
https://articulo.tucarro.com.co/MCO-1664102789-foton-tunland-s-mt-4x4-2023-_JM,Foton,Tunland,2023,98900000,https://oielbczfjirunzydccod.supabase.co/storage/v1/object/public/SCBIR/Carros/1664102789.webp
https://articulo.tucarro.com.co/MCO-3224223596-buseta-foton-minivan-bj6425-2019-mecanico-_JM,Foton,Minivan,2019,49900000,https://oielbczfjirunzydccod.supabase.co/storage/v1/object/public/SCBIR/Carros/3224223596.webp
https://articulo.tucarro.com.co/MCO-3226123140-lexus-lx570-57-2015-_JM,Lexus,LX,2015,290000000,https://oielbczfjirunzydccod.supabase.co/storage/v1/object/public/SCBIR/Carros/3226123140.webp
https://articulo.tucarro.com.co/MCO-3204334350-lexus-gx-gx460-46-_JM,Lexus,GX,2011,145000000,https://oielbczfjirunzydccod.supabase.co/storage/v1/object/public/SCBIR/Carros/3204334350.webp
https://articulo.tucarro.com.co/MCO-2920937858-lexus-lx570-57-2017-_JM,Lexus,LX,2017,410000000,https://oielbczfjirunzydccod.supabase.co/storage/v1/object/public/SCBIR/Carros/2920937858.webp
https://articulo.tucarro.com.co/MCO-2921688392-lexus-rx450h-35-2022-_JM,Lexus,RX,2022,410000000,https://oielbczfjirunzydccod.supabase.co/storage/v1/object/public/SCBIR/Carros/2921688392.webp
https://articulo.tucarro.com.co/MCO-3173187750-seat-ateca-style-sport-2022-14-_JM,Seat,Ateca,2022,90900000,https://oielbczfjirunzydccod.supabase.co/storage/v1/object/public/SCBIR/Carros/3173187750.webp
https://articulo.tucarro.com.co/MCO-1698532621-seat-tarraco-xcellence-14-2023-_JM,Seat,Tarraco,2023,115000000,https://oielbczfjirunzydccod.supabase.co/storage/v1/object/public/SCBIR/Carros/1698532621.webp
https://articulo.tucarro.com.co/MCO-1691060937-seat-ateca-20-style-plus-_JM,Seat,Ateca,2022,82900000,https://oielbczfjirunzydccod.supabase.co/storage/v1/object/public/SCBIR/Carros/1691060937.webp
https://articulo.tucarro.com.co/MCO-1699975877-seat-ateca-style-14-sport-2022-at-_JM,Seat,Ateca,2022,86900000,https://oielbczfjirunzydccod.supabase.co/storage/v1/object/public/SCBIR/Carros/1699975877.webp
https://articulo.tucarro.com.co/MCO-3177692366-seat-arona-fl-fr-tp-1600cc-_JM,Seat,Arona,2023,72990000,https://oielbczfjirunzydccod.supabase.co/storage/v1/object/public/SCBIR/Carros/3177692366.webp
https://articulo.tucarro.com.co/MCO-1691056071-porsche-cayman-s-_JM,Porsche,Cayman,2009,275000000,https://oielbczfjirunzydccod.supabase.co/storage/v1/object/public/SCBIR/Carros/1691056071.webp
https://articulo.tucarro.com.co/MCO-1698576253-porsche-taycan-turbo-s-2021-_JM,Porsche,Taycan,2021,800000000,https://oielbczfjirunzydccod.supabase.co/storage/v1/object/public/SCBIR/Carros/1698576253.webp
https://articulo.tucarro.com.co/MCO-1706383575-porsche-911-carrera-s-_JM,Porsche,911,2021,849000000,https://oielbczfjirunzydccod.supabase.co/storage/v1/object/public/SCBIR/Carros/1706383575.webp
https://articulo.tucarro.com.co/MCO-3188758488-porsche-cayenne-30-_JM,Porsche,Cayenne,2023,349900000,https://oielbczfjirunzydccod.supabase.co/storage/v1/object/public/SCBIR/Carros/3188758488.webp
https://articulo.tucarro.com.co/MCO-2683648114-chery-tiggo-7-pro-phev-hibrida-enchufable-_JM,Chery,Tiggo 7,2025,174990000,https://oielbczfjirunzydccod.supabase.co/storage/v1/object/public/SCBIR/Carros/2683648114.webp
https://articulo.tucarro.com.co/MCO-1602688031-chery-icar-03-ev-_JM,Chery,Icar 03,2026,140000000,https://oielbczfjirunzydccod.supabase.co/storage/v1/object/public/SCBIR/Carros/1602688031.webp
https://articulo.tucarro.com.co/MCO-1559183817-chery-tiggo-7-pro-mhev-_JM,Chery,7 PRO MHEV,2025,124990000,https://oielbczfjirunzydccod.supabase.co/storage/v1/object/public/SCBIR/Carros/1559183817.webp
https://articulo.tucarro.com.co/MCO-1703298103-tiggo-4-hev-_JM,Chery,Tiggo 4,2026,104990000,https://oielbczfjirunzydccod.supabase.co/storage/v1/object/public/SCBIR/Carros/1703298103.webp
https://articulo.tucarro.com.co/MCO-1559041393-chery-tiggo-8-pro-phev-hibrida-enchufable-_JM,Chery,Tiggo 8,2025,199990000,https://oielbczfjirunzydccod.supabase.co/storage/v1/object/public/SCBIR/Carros/1559041393.webp
https://articulo.tucarro.com.co/MCO-3236459782-ram-1500-2019-_JM,RAM,1500,2019,84900000,https://oielbczfjirunzydccod.supabase.co/storage/v1/object/public/SCBIR/Carros/3236459782.webp
https://articulo.tucarro.com.co/MCO-1659146901-ram-rampage-_JM,RAM,Rampage,2025,195990000,
https://articulo.tucarro.com.co/MCO-3190389798-ram-1000-at-_JM,RAM,1000,2020,71900000,https://oielbczfjirunzydccod.supabase.co/storage/v1/object/public/SCBIR/Carros/3190389798.webp
https://articulo.tucarro.com.co/MCO-1706262277-ram-v700-14-fire-_JM,RAM,V700,2020,38900000,https://oielbczfjirunzydccod.supabase.co/storage/v1/object/public/SCBIR/Carros/1706262277.webp
https://articulo.tucarro.com.co/MCO-3109949996-jaguar-e-pace-s-20-2018-_JM,Jaguar,E-Pace,2018,119900000,https://oielbczfjirunzydccod.supabase.co/storage/v1/object/public/SCBIR/Carros/3109949996.webp
https://articulo.tucarro.com.co/MCO-2892600284-cadillac-escalade-iq-sport-2-_JM,Cadillac,Escalade,2025,1000000000,https://oielbczfjirunzydccod.supabase.co/storage/v1/object/public/SCBIR/Carros/2892600284.webp
https://articulo.tucarro.com.co/MCO-2836458612-tesla-cybertruck-tres-motores-_JM,Tesla,Cybertruck,2025,750000000,https://oielbczfjirunzydccod.supabase.co/storage/v1/object/public/SCBIR/Carros/2836458612.webp
https://articulo.tucarro.com.co/MCO-1542638237-tesla-cybertruck-foundation-series-2026-_JM,Tesla,Cybertruck,2026,690000000,https://oielbczfjirunzydccod.supabase.co/storage/v1/object/public/SCBIR/Carros/1542638237.webp
